full_name,Player ID,teamID,first_name,second_name,goals_scored,assists,total_points,avg_points_per_game,minutes,goals_conceded,creativity,influence,threat,bonus,bps,ict_index,clean_sheets,red_cards,yellow_cards,selected_by_percent,cost,position,in_season_dreamteam,True_season_value
Bernd Leno,2,1,Bernd,Leno,0,0,10,2.5,360,9,0.0,85.0,0.0,0,69,8.5,1,0,0,0.8,4.5,GK,False,2.2
Willian Borges da Silva,614,1,Willian,Borges Da Silva,0,0,0,0.0,0,0,0.0,0.0,0.0,0,0,0.0,0,0,0,0.1,6.3,MID,False,0.0
Pierre-Emerick Aubameyang,617,1,Pierre-Emerick,Aubameyang,4,1,44,3.1,1036,16,132.4,217.6,582.0,7,131,92.9,6,0,3,1.2,9.6,FWD,False,4.6
Cédric Alves Soares,1,1,Cédric,Soares,1,1,48,2.3,1481,27,306.5,246.0,76.0,3,292,63.0,3,0,3,0.4,4.2,DEF,False,11.4
Granit Xhaka,3,1,Granit,Xhaka,1,2,60,2.2,2327,38,489.6,382.2,253.0,3,334,112.6,6,1,10,0.4,4.8,MID,False,12.5
Pablo Marí Villar,20,1,Pablo,Marí,0,0,1,0.5,180,4,12.3,55.4,11.0,0,35,7.9,0,0,1,0.1,4.2,DEF,False,0.2
Mohamed Elneny,4,1,Mohamed Naser,El Sayed Elneny,0,2,27,1.9,801,17,124.5,147.8,40.0,0,156,31.3,0,0,1,0.4,4.4,MID,False,6.1
Ainsley Maitland-Niles,21,1,Ainsley,Maitland-Niles,0,0,12,1.5,263,4,41.3,42.6,9.0,0,44,9.3,2,0,0,0.0,5.2,MID,False,2.3
Rob Holding,5,1,Rob,Holding,1,0,29,1.9,840,16,6.9,242.4,49.0,2,152,29.9,2,1,2,0.8,4.1,DEF,False,7.1
Thomas Partey,6,1,Thomas,Partey,2,2,71,3.0,2027,25,275.5,359.6,394.0,4,345,103.0,10,0,6,0.2,5.0,MID,False,14.2
Kieran Tierney,8,1,Kieran,Tierney,1,3,106,4.8,1916,21,335.9,365.2,198.0,11,454,90.1,11,0,0,4.7,4.9,DEF,False,21.6
Nicolas Pépé,9,1,Nicolas,Pépé,1,4,45,2.2,681,9,204.8,127.4,391.0,1,127,72.0,2,0,0,0.7,6.9,MID,False,6.5
Lucas Torreira di Pascua,22,1,Lucas,Torreira,0,0,0,0.0,0,0,0.0,0.0,0.0,0,0,0.0,0,0,0,0.1,4.5,MID,False,0.0
Emile Smith Rowe,12,1,Emile,Smith Rowe,10,2,125,3.8,1909,28,453.3,555.8,576.0,9,435,158.4,8,0,1,10.0,5.7,MID,False,21.9
Bukayo Saka,13,1,Bukayo,Saka,11,9,179,4.7,2978,39,942.5,774.2,1404.0,18,566,311.8,13,0,6,28.8,6.7,MID,False,26.7
Gabriel dos Santos Magalhães,16,1,Gabriel,Magalhães,5,0,146,4.2,3063,38,129.3,703.0,453.0,16,682,128.4,13,1,6,7.4,5.3,DEF,False,27.5
Gabriel Martinelli Silva,19,1,Gabriel Teodoro,Martinelli Silva,6,7,110,3.8,1855,25,445.8,407.8,692.0,6,345,154.7,7,1,1,3.1,5.3,MID,False,20.8
William Saliba,26,1,William,Saliba,0,0,0,0.0,0,0,0.0,0.0,0.0,0,0,0.0,0,0,0,0.0,4.5,DEF,False,0.0
Nuno Varela Tavares,17,1,Nuno,Varela Tavares,1,1,49,2.2,1169,19,168.4,194.6,203.0,2,199,56.7,3,0,2,1.0,4.3,DEF,False,11.4
Albert Sambi Lokonga,18,1,Albert,Sambi Lokonga,0,0,32,1.7,1129,11,250.7,181.8,87.0,0,173,51.9,7,0,5,0.1,4.8,MID,False,6.7
Reiss Nelson,23,1,Reiss,Nelson,0,0,1,1.0,19,1,11.6,4.0,20.0,0,4,3.6,0,0,0,0.0,5.0,MID,False,0.2
Karl Hein,655,1,Karl,Hein,0,0,0,0.0,0,0,0.0,0.0,0.0,0,0,0.0,0,0,0,0.3,4.0,GK,False,0.0
Martin Ødegaard,7,1,Martin,Ødegaard,7,4,131,3.6,2782,39,1012.4,625.6,572.0,9,541,220.3,11,0,4,6.0,5.6,MID,False,23.4
Aaron Ramsdale,15,1,Aaron,Ramsdale,0,0,135,4.0,3060,39,1.0,680.0,0.0,14,641,68.0,12,0,1,17.1,5.1,GK,False,26.5
Takehiro Tomiyasu,14,1,Takehiro,Tomiyasu,0,1,75,3.6,1680,20,240.9,312.4,110.0,5,344,66.4,9,0,2,1.9,4.5,DEF,False,16.7
Omari Hutchinson,653,1,Omari,Hutchinson,0,0,0,0.0,0,0,0.0,0.0,0.0,0,0,0.0,0,0,0,0.0,4.5,MID,False,0.0
Calum Chambers,32,2,Calum,Chambers,1,0,42,3.2,999,16,52.8,211.0,61.0,2,198,32.5,4,0,1,0.4,4.2,DEF,False,10.0
Emiliano Martínez Romero,31,2,Emiliano,Martínez,0,0,129,3.6,3240,48,0.0,755.8,0.0,7,651,75.4,11,0,4,11.4,5.5,GK,False,23.5
Bertrand Traoré,34,2,Bertrand,Traoré,0,1,13,1.4,212,3,10.6,21.0,90.0,0,41,11.8,0,0,0,0.3,5.7,MID,False,2.3
Morgan Sanson,36,2,Morgan,Sanson,0,0,13,1.3,349,8,36.6,52.8,3.0,0,61,9.4,0,0,0,0.0,5.0,MID,False,2.6
John McGinn,37,2,John,McGinn,3,4,110,3.1,3090,48,777.4,692.8,307.0,12,495,177.8,10,0,8,1.1,5.6,MID,False,19.6
Kortney Hause,38,2,Kortney,Hause,1,0,20,2.9,397,9,5.9,102.8,64.0,3,89,17.3,1,0,0,0.2,4.4,DEF,False,4.5
Tyrone Mings,39,2,Tyrone,Mings,1,4,118,3.3,3188,49,130.9,649.2,309.0,12,596,108.8,11,0,11,6.9,5.0,DEF,False,23.6
Ollie Watkins,40,2,Ollie,Watkins,11,3,131,3.7,2950,48,459.1,598.4,1319.0,17,441,237.7,10,0,7,9.1,7.5,FWD,False,17.5
Marvelous Nakamba,41,2,Marvelous,Nakamba,0,0,22,1.4,899,20,42.1,134.0,0.0,0,124,17.8,2,0,5,0.1,4.4,MID,False,5.0
Emiliano Buendía Stati,42,2,Emiliano,Buendía Stati,4,6,107,3.1,1887,32,659.3,479.4,531.0,8,378,167.3,7,0,1,1.3,6.1,MID,False,17.5
Ezri Konsa Ngoyo,44,2,Ezri,Konsa Ngoyo,2,0,78,2.7,2477,43,56.5,428.2,251.0,4,388,73.4,8,2,4,0.9,4.9,DEF,False,15.9
Frédéric Guilbert,56,2,Frédéric,Guilbert,0,0,0,0.0,0,0,0.0,0.0,0.0,0,0,0.0,0,0,0,0.0,4.5,DEF,False,0.0
Keinan Davis,52,2,Keinan,Davis,0,0,1,1.0,11,0,1.0,0.4,0.0,0,2,0.1,0,0,0,1.4,4.5,FWD,False,0.2
Douglas Luiz Soares de Paulo,46,2,Douglas Luiz,Soares de Paulo,2,3,89,2.6,2715,38,547.5,495.2,199.0,3,468,124.3,10,0,7,1.9,4.3,MID,False,20.7
Jacob Ramsey,47,2,Jacob,Ramsey,6,1,109,3.2,2465,35,333.1,533.8,432.0,9,402,130.2,12,0,6,4.9,4.7,MID,False,23.2
Ashley Young,538,2,Ashley,Young,0,2,50,2.1,1234,19,201.9,187.4,113.0,0,224,50.2,4,0,2,0.5,4.7,DEF,False,10.6
Lucas Digne,33,2,Lucas,Digne,0,4,83,2.9,2440,42,753.1,489.8,200.0,8,459,144.5,7,0,6,5.9,5.0,DEF,False,16.6
Danny Ings,30,2,Danny,Ings,7,6,106,3.5,1891,26,210.9,448.6,749.0,12,344,140.3,10,0,4,9.3,7.7,FWD,False,13.8
Leon Bailey,45,2,Leon,Bailey,1,3,37,2.1,750,13,118.5,143.2,271.0,1,98,53.2,2,0,3,0.4,6.3,MID,False,5.9
Jaden Philogene-Bidace,55,2,Jaden,Philogene-Bidace,0,0,1,1.0,4,0,0.0,0.0,0.0,0,0,0.0,0,0,0,0.0,5.0,MID,False,0.2
Carney Chukwuemeka,48,2,Carney,Chukwuemeka,0,1,16,1.3,291,6,34.6,44.0,69.0,0,43,14.9,0,0,0,0.1,4.5,MID,False,3.6
Cameron Archer,54,2,Cameron,Archer,0,0,3,1.0,24,0,0.8,0.0,18.0,0,3,1.6,0,0,0,0.8,4.5,FWD,False,0.7
Viljami Sinisalo,707,2,Viljami,Sinisalo,0,0,0,0.0,0,0,0.0,0.0,0.0,0,0,0.0,0,0,0,0.1,4.0,GK,False,0.0
Lamare Bogarde,638,2,Lamare,Bogarde,0,0,0,0.0,0,0,0.0,0.0,0.0,0,0,0.0,0,0,0,0.1,4.0,DEF,False,0.0
Tim Iroegbunam,49,2,Tim,Iroegbunam,0,0,4,1.3,90,0,2.0,10.6,4.0,0,17,1.7,1,0,1,0.0,4.5,MID,False,0.9
Filip Marschall,670,2,Filip,Marschall,0,0,0,0.0,0,0,0.0,0.0,0.0,0,0,0.0,0,0,0,0.0,4.0,GK,False,0.0
Philippe Coutinho Correia,29,2,Philippe,Coutinho Correia,5,3,83,4.4,1327,17,338.3,324.2,419.0,7,283,108.3,7,0,0,10.6,7.1,MID,False,11.7
Kaine Kesler Hayden,537,2,Kaine,Hayden,0,0,0,0.0,0,0,0.0,0.0,0.0,0,0,0.0,0,0,0,0.0,4.0,DEF,False,0.0
Robin Olsen,35,2,Robin,Olsen,0,0,1,1.0,90,3,0.0,0.0,0.0,0,14,0.0,0,0,0,0.0,4.0,GK,False,0.2
Tommi O'Reilly,761,2,Tommi,O'Reilly,0,0,0,0.0,0,0,0.0,0.0,0.0,0,0,0.0,0,0,0,0.0,4.5,MID,False,0.0
Pontus Jansson,78,3,Pontus,Jansson,3,4,122,3.3,3321,56,67.1,766.4,476.0,13,616,131.4,8,0,7,7.0,4.5,DEF,False,27.1
Christian Nørgaard,79,3,Christian,Nørgaard,3,4,101,2.9,3054,51,409.8,694.8,434.0,5,502,154.3,8,0,8,0.6,5.0,MID,False,20.2
Ivan Toney,80,3,Ivan,Toney,12,5,139,4.2,2908,47,572.0,717.8,1284.0,19,502,257.4,8,0,8,18.8,6.9,FWD,False,20.1
David Raya Martin,81,3,David,Raya Martin,0,0,95,4.0,2160,27,10.0,575.6,0.0,5,496,58.3,8,0,1,4.6,4.4,GK,False,21.6
Sergi Canós Tenés,82,3,Sergi,Canós,3,3,81,2.6,2077,36,282.9,359.2,422.0,5,268,106.5,8,1,6,1.0,5.5,MID,False,14.7
Rico Henry,85,3,Rico,Henry,3,0,108,3.2,2775,41,324.4,444.8,233.0,4,453,100.1,9,0,2,1.2,4.5,DEF,False,24.0
Vitaly Janelt,86,3,Vitaly,Janelt,4,0,90,2.9,2295,37,330.0,440.2,399.0,8,343,116.7,9,0,3,0.2,4.9,MID,False,18.4
Saman Ghoddos,87,3,Saman,Ghoddos,1,2,30,1.8,524,4,96.3,128.4,133.0,0,115,36.0,1,0,2,0.0,5.2,MID,False,5.8
Mathias Jensen,88,3,Mathias,Jensen,0,1,54,1.7,1590,30,508.0,242.8,181.0,2,246,93.3,3,0,0,0.0,4.9,MID,False,11.0
Charlie Goode,96,3,Charlie,Goode,0,0,10,1.7,448,6,82.7,54.8,24.0,0,64,16.0,1,0,3,1.1,3.9,DEF,False,2.6
Marcus Forss,97,3,Marcus,Forss,0,1,11,1.6,203,4,12.5,20.8,55.0,0,35,8.7,0,0,0,0.1,5.3,FWD,False,2.1
Mads Roerslev Rasmussen,90,3,Mads,Roerslev Rasmussen,1,1,41,2.0,1232,27,125.8,200.2,81.0,4,170,40.8,1,0,1,0.2,4.1,DEF,False,10.0
Mads Bech Sørensen,91,3,Mads,Bech Sørensen,0,0,22,2.0,833,14,69.4,112.8,44.0,1,139,22.6,2,0,3,0.1,4.3,DEF,False,5.1
Ethan Pinnock,92,3,Ethan,Pinnock,1,1,90,2.8,2694,43,151.7,648.8,335.0,7,517,113.5,7,0,1,2.7,4.4,DEF,False,20.5
Ellery Balcombe,100,3,Ellery,Balcombe,0,0,0,0.0,0,0,0.0,0.0,0.0,0,0,0.0,0,0,0,0.0,4.0,GK,False,0.0
Halil Dervişoğlu,541,3,Halil,Dervişoğlu,0,0,0,0.0,0,0,0.0,0.0,0.0,0,0,0.0,0,0,0,0.0,5.4,FWD,False,0.0
Bryan Mbeumo,95,3,Bryan,Mbeumo,4,7,119,3.4,2905,47,508.9,441.2,927.0,6,310,186.7,9,0,4,1.9,5.2,MID,False,22.9
Mads Bidstrup,99,3,Mads,Bidstrup,0,0,4,1.0,36,0,0.7,6.6,0.0,0,11,0.8,0,0,0,0.1,4.4,MID,False,0.9
Frank Onyeka,93,3,Frank,Onyeka,0,2,35,1.8,1040,19,73.5,93.0,174.0,0,117,33.7,3,0,4,0.1,4.9,MID,False,7.1
Kristoffer Ajer,84,3,Kristoffer,Ajer,1,3,81,3.4,1995,32,123.5,381.2,184.0,5,384,69.0,8,0,5,0.7,4.4,DEF,False,18.4
Dominic Thompson,98,3,Dominic,Thompson,0,0,3,1.5,146,3,1.2,15.8,6.0,0,12,2.3,0,0,0,0.0,4.4,DEF,False,0.7
Shandon Baptiste,94,3,Shandon,Baptiste,1,0,35,1.6,898,15,120.2,132.8,145.0,2,120,39.6,2,1,0,0.0,4.9,MID,False,7.1
Yoane Wissa,89,3,Yoane,Wissa,7,2,92,3.1,1268,22,105.6,318.8,379.0,6,277,79.6,3,0,0,0.3,5.7,MID,False,16.1
Mathias Jorgensen,595,3,Mathias,Jorgensen,1,0,18,2.2,516,10,44.9,108.6,57.0,0,84,21.1,1,0,2,0.0,4.5,DEF,False,4.0
Matthew Cox,633,3,Matthew,Cox,0,0,0,0.0,0,0,0.0,0.0,0.0,0,0,0.0,0,0,0,0.1,4.0,GK,False,0.0
Christian Eriksen,519,3,Christian,Eriksen,1,4,43,3.9,938,10,428.6,269.4,172.0,2,221,86.8,4,0,1,1.8,5.6,MID,False,7.7
Adam Lallana,101,4,Adam,Lallana,0,1,44,1.8,1559,20,162.9,209.4,173.0,0,240,54.6,6,0,4,0.1,5.3,MID,False,8.3
Jason Steele,102,4,Jason,Steele,0,0,2,2.0,90,2,0.0,28.8,0.0,0,17,2.9,0,0,0,2.8,3.9,GK,False,0.5
Pascal Groß,104,4,Pascal,Groß,2,5,88,3.0,2033,24,902.5,412.6,345.0,7,405,166.2,8,0,1,0.3,5.6,MID,False,15.7
Shane Duffy,105,4,Shane,Duffy,1,1,48,2.7,1434,19,58.2,380.6,282.0,3,288,72.2,4,0,7,7.6,4.0,DEF,False,12.0
Lewis Dunk,106,4,Lewis,Dunk,1,0,92,3.2,2573,33,63.0,551.8,327.0,7,537,94.2,10,1,3,2.3,4.8,DEF,False,19.2
Adam Webster,108,4,Adam,Webster,2,0,59,2.7,1429,20,50.1,387.8,112.0,6,266,55.1,4,0,5,0.3,4.3,DEF,False,13.7
Joël Veltman,109,4,Joël,Veltman,1,1,95,2.8,2874,39,274.6,532.8,148.0,5,545,95.8,8,0,6,1.4,4.2,DEF,False,22.6
Neal Maupay,110,4,Neal,Maupay,8,3,98,3.1,2269,31,357.3,367.4,672.0,11,295,137.4,7,0,7,4.3,6.2,FWD,False,15.8
Leandro Trossard,111,4,Leandro,Trossard,8,4,141,4.1,2803,33,708.3,627.6,1020.0,16,465,235.4,11,0,2,2.8,5.9,MID,False,23.9
Bernardo Veiga de Carvalho e Silva,311,4,Bernardo,Fernandes Da Silva Junior,0,0,0,0.0,0,0,0.0,0.0,0.0,0,0,0.0,0,0,0,0.0,4.0,DEF,False,0.0
Robert Sánchez,113,4,Robert,Sánchez,0,0,126,3.4,3330,42,30.0,804.6,0.0,8,679,83.4,11,1,3,14.5,4.5,GK,False,28.0
Yves Bissouma,444,4,Yves,Bissouma,1,2,66,2.5,2110,28,167.1,425.6,126.0,9,351,71.8,7,0,10,4.8,4.4,MID,False,15.0
Tariq Lamptey,114,4,Tariq,Lamptey,0,2,74,2.5,1547,21,353.4,246.0,172.0,7,308,76.8,6,0,4,1.8,4.5,DEF,False,16.4
Steven Alzate,115,4,Steven,Alzate,0,0,13,1.4,401,7,40.8,70.2,21.0,0,77,13.3,0,0,0,0.0,4.8,MID,False,2.7
Alexis Mac Allister,116,4,Alexis,Mac Allister,5,2,93,2.8,2112,29,455.6,494.0,540.0,8,398,148.8,6,0,4,0.5,5.1,MID,False,18.2
Jakub Moder,117,4,Jakub,Moder,0,3,58,2.1,1694,23,286.0,239.6,372.0,0,227,90.3,5,0,1,0.5,4.5,MID,False,12.9
Danny Welbeck,103,4,Danny,Welbeck,6,4,89,3.6,1469,16,195.1,302.4,528.0,13,247,101.5,5,0,0,1.6,6.0,FWD,False,14.8
Enock Mwepu,118,4,Enock,Mwepu,2,5,58,3.2,990,13,142.9,241.8,199.0,5,200,58.0,3,0,2,0.1,5.9,MID,False,9.8
Kjell Scherpen,542,4,Kjell,Scherpen,0,0,0,0.0,0,0,0.0,0.0,0.0,0,0,0.0,0,0,0,0.0,4.5,GK,False,0.0
Taylor Richards,121,4,Taylor,Richards,0,0,2,1.0,23,0,12.8,4.6,8.0,0,5,2.5,0,0,0,0.0,4.5,MID,False,0.4
Moisés Caicedo Corozo,120,4,Moisés,Caicedo,1,1,27,3.4,660,6,49.9,136.8,92.0,1,124,27.9,4,0,2,0.1,4.5,MID,False,6.0
Haydon Roberts,122,4,Haydon,Roberts,0,0,0,0.0,0,0,0.0,0.0,0.0,0,0,0.0,0,0,0,0.2,3.9,DEF,False,0.0
Marc Cucurella Saseta,112,4,Marc,Cucurella,1,1,126,3.6,3089,39,671.9,659.6,181.0,21,673,151.6,11,0,6,4.1,4.9,DEF,False,25.7
Jeremy Sarmiento Morante,119,4,Jeremy,Sarmiento,0,0,5,1.0,44,2,2.4,2.8,2.0,0,15,0.8,0,0,0,0.0,4.5,MID,False,1.1
Ed Turns,640,4,Ed,Turns,0,0,0,0.0,0,0,0.0,0.0,0.0,0,0,0.0,0,0,0,0.0,4.0,DEF,False,0.0
Evan Ferguson,596,4,Evan,Ferguson,0,0,1,1.0,22,1,4.8,2.0,2.0,0,4,0.9,0,0,0,0.4,4.5,FWD,False,0.2
Odeluga Offiah,736,4,Odeluga,Offiah,0,0,0,0.0,0,0,0.0,0.0,0.0,0,0,0.0,0,0,0,0.0,4.0,DEF,False,0.0
James Tarkowski,199,5,James,Tarkowski,1,2,83,2.4,3106,51,106.8,881.4,307.0,5,486,129.7,7,0,11,1.3,4.9,DEF,False,16.9
Ben Mee,526,5,Ben,Mee,3,0,74,3.5,1839,25,63.4,463.8,238.0,3,325,76.6,6,0,3,0.6,4.6,DEF,False,16.1
Nick Pope,376,5,Nick,Pope,0,0,130,3.6,3240,47,20.0,875.6,0.0,12,683,89.7,9,0,1,3.5,5.3,GK,False,24.5
Dwight McNeil,534,5,Dwight,McNeil,0,1,84,2.2,3104,49,729.5,556.8,489.0,1,440,178.0,9,0,1,0.2,5.5,MID,False,15.3
Nathan Collins,516,5,Nathan,Collins,2,0,55,2.9,1670,26,62.4,426.6,246.0,1,272,73.7,5,1,2,0.5,4.3,DEF,False,12.8
Wayne Hennessey,518,5,Wayne,Hennessey,0,0,4,2.0,180,6,30.0,62.8,0.0,0,37,9.3,0,0,0,0.3,4.5,GK,False,0.9
Maxwel Cornet,575,5,Maxwel,Cornet,9,2,104,4.0,1764,24,246.9,390.2,547.0,9,242,118.4,5,0,2,0.8,5.8,MID,False,17.9
Wout Weghorst,701,5,Wout,Weghorst,2,3,55,2.8,1448,20,188.0,203.0,360.0,6,134,74.9,6,0,3,4.0,6.2,FWD,False,8.9
César Azpilicueta,127,6,César,Azpilicueta,1,3,87,3.2,2067,23,305.0,450.8,212.0,2,453,96.9,7,0,3,3.3,5.6,DEF,False,15.5
Thiago Emiliano da Silva,128,6,Thiago,Emiliano da Silva,3,1,130,4.1,2649,28,132.0,801.4,229.0,14,667,116.4,11,0,2,7.9,5.6,DEF,False,23.2
Marcos Alonso,129,6,Marcos,Alonso,4,5,128,4.6,2164,22,677.3,560.2,566.0,14,528,180.6,9,0,8,15.3,5.7,DEF,False,22.5
Jorge Luiz Frello Filho,130,6,Jorge Luiz,Frello Filho,6,2,106,3.7,2271,16,429.3,605.8,214.0,11,519,125.1,12,0,5,3.9,5.7,MID,False,18.6
Ross Barkley,131,6,Ross,Barkley,1,0,14,2.3,174,2,104.8,19.2,38.0,1,43,16.3,1,0,0,0.1,5.2,MID,False,2.7
Mateo Kovacic,132,6,Mateo,Kovacic,2,5,76,3.0,1552,11,407.4,409.6,198.0,7,348,101.5,8,0,4,1.7,4.9,MID,False,15.5
Kepa Arrizabalaga,133,6,Kepa,Arrizabalaga,0,0,19,4.8,360,2,0.0,95.6,0.0,1,89,9.6,2,0,0,0.3,4.5,GK,False,4.2
N'Golo Kanté,134,6,N'Golo,Kanté,2,5,79,3.0,1769,19,380.6,434.0,221.0,2,377,103.6,9,0,2,2.4,4.9,MID,False,16.1
Hakim Ziyech,135,6,Hakim,Ziyech,4,3,79,3.4,1311,12,429.5,350.6,482.0,9,281,126.0,7,0,3,0.8,7.3,MID,False,10.8
Ruben Loftus-Cheek,136,6,Ruben,Loftus-Cheek,0,3,52,2.2,1384,21,291.1,282.8,218.0,1,251,79.2,5,0,1,0.2,5.4,MID,False,9.6
Timo Werner,137,6,Timo,Werner,4,2,62,3.0,1278,17,153.1,207.6,773.0,5,175,112.7,5,0,1,2.3,8.5,FWD,False,7.3
Christian Pulisic,140,6,Christian,Pulisic,6,2,77,3.5,1282,10,223.9,317.6,434.0,2,206,97.5,6,0,2,0.7,7.9,MID,False,9.7
Mason Mount,142,6,Mason,Mount,11,11,169,5.3,2358,25,914.8,812.8,931.0,16,597,265.8,11,0,4,21.9,7.7,MID,False,21.9
Ethan Ampadu,151,6,Ethan,Ampadu,0,0,0,0.0,0,0,0.0,0.0,0.0,0,0,0.0,0,0,0,0.0,4.5,DEF,False,0.0
Callum Hudson-Odoi,144,6,Callum,Hudson-Odoi,1,4,49,3.3,958,8,326.9,175.4,326.0,1,163,82.7,6,0,1,0.2,5.3,MID,False,9.2
Kai Havertz,145,6,Kai,Havertz,8,4,112,3.9,1802,18,301.6,420.4,855.0,5,271,156.6,10,0,3,5.8,7.9,MID,False,14.2
Reece James,146,6,Reece,James,5,9,141,5.4,1863,22,696.1,582.0,436.0,26,573,171.5,7,1,4,19.1,6.5,DEF,False,21.7
Edouard Mendy,147,6,Edouard,Mendy,0,0,130,3.8,3060,31,0.0,564.8,0.0,3,573,56.1,14,0,3,11.4,6.1,GK,False,21.3
Malang Sarr,143,6,Malang,Sarr,0,0,30,3.8,544,7,45.1,113.4,1.0,4,141,15.9,4,0,2,0.2,4.9,DEF,False,6.1
Trevoh Chalobah,141,6,Trevoh,Chalobah,3,1,99,5.0,1447,9,105.8,405.8,151.0,11,396,66.1,9,0,2,2.4,4.7,DEF,False,21.1
Emerson Palmieri dos Santos,545,6,Emerson,Palmieri dos Santos,0,0,1,1.0,4,0,0.1,0.0,2.0,0,3,0.2,0,0,0,0.0,4.5,DEF,False,0.2
Marcus Bettinelli,635,6,Marcus,Bettinelli,0,0,0,0.0,0,0,0.0,0.0,0.0,0,0,0.0,0,0,0,0.0,4.0,GK,False,0.0
Lewis Hall,661,6,Lewis,Hall,0,0,0,0.0,0,0,0.0,0.0,0.0,0,0,0.0,0,0,0,0.0,4.5,MID,False,0.0
Harvey Vale,606,6,Harvey,Vale,0,0,0,0.0,0,0,0.0,0.0,0.0,0,0,0.0,0,0,0,0.0,4.5,MID,False,0.0
Robert Kenedy Nunes do Nascimento,138,6,Robert Kenedy,Nunes do Nascimento,0,1,4,4.0,58,0,0.0,0.0,0.0,0,19,0.0,0,0,0,0.0,4.5,DEF,False,0.9
Conor Gallagher,148,7,Conor,Gallagher,8,6,140,4.1,2843,38,611.1,665.2,671.0,16,469,194.5,11,0,10,11.2,6.0,MID,False,23.3
Vicente Guaita,152,7,Vicente,Guaita,0,0,119,4.0,2655,33,0.0,588.4,0.0,11,567,58.8,11,0,2,5.6,4.6,GK,False,25.9
James Tomkins,153,7,James,Tomkins,1,0,17,2.1,545,11,22.0,140.4,88.0,2,97,25.1,0,0,2,0.1,4.3,DEF,False,4.0
James McArthur,154,7,James,McArthur,0,4,54,2.6,1434,15,256.5,324.0,120.0,5,288,70.0,5,0,4,1.1,4.3,MID,False,12.6
Christian Benteke,155,7,Christian,Benteke,4,1,58,2.3,1132,20,176.7,250.2,523.0,6,173,94.3,4,0,3,1.2,5.9,FWD,False,9.8
Cheikhou Kouyaté,583,7,Cheikhou,Kouyaté,0,1,77,2.9,1970,28,85.5,312.4,41.0,5,395,44.0,8,0,3,0.6,4.5,DEF,False,17.1
Luka Milivojevic,158,7,Luka,Milivojevic,0,0,19,1.3,767,16,196.6,88.6,38.0,0,118,32.3,1,0,1,0.0,5.2,MID,False,3.7
Jordan Ayew,159,7,Jordan,Ayew,3,4,77,2.5,2012,31,361.3,349.2,491.0,3,281,120.1,9,0,2,1.0,5.8,FWD,False,13.3
Wilfried Zaha,160,7,Wilfried,Zaha,14,2,150,4.5,2759,34,630.6,732.2,963.0,11,422,232.5,11,1,4,8.5,6.9,MID,False,21.7
Jeffrey Schlupp,161,7,Jeffrey,Schlupp,4,2,86,2.7,1840,19,238.5,403.6,461.0,2,297,110.4,8,0,1,0.1,5.4,MID,False,15.9
Jack Butland,162,7,Jack,Butland,0,0,30,3.3,765,13,0.0,155.0,0.0,3,132,15.7,1,0,0,0.4,4.4,GK,False,6.8
Jairo Riedewald,164,7,Jairo,Riedewald,0,0,4,1.3,116,5,27.5,11.2,2.0,0,16,4.0,0,0,0,0.0,4.7,MID,False,0.9
Jean-Philippe Mateta,168,7,Jean-Philippe,Mateta,5,1,61,2.8,1138,14,112.8,253.6,568.0,6,182,93.4,5,0,2,2.7,5.3,FWD,False,11.5
Eberechi Eze,169,7,Eberechi,Eze,1,1,31,2.4,599,8,175.1,120.0,135.0,2,125,43.2,3,0,1,0.1,5.9,MID,False,5.3
Nathan Ferguson,174,7,Nathan,Ferguson,0,0,1,1.0,8,0,0.0,0.2,0.0,0,3,0.0,0,0,0,0.0,4.5,DEF,False,0.2
Tyrick Mitchell,170,7,Tyrick,Mitchell,0,2,109,3.0,3101,43,379.2,610.4,111.0,6,561,110.1,10,0,1,1.4,4.5,DEF,False,24.2
Will Hughes,163,7,Will,Hughes,0,2,34,2.1,1050,16,141.1,155.8,60.0,2,164,35.8,4,0,6,0.1,4.7,MID,False,7.2
Michael Olise,171,7,Michael,Olise,2,6,73,2.8,1127,14,389.0,308.2,269.0,8,287,96.5,4,0,4,0.2,5.3,MID,False,13.8
Joel Ward,156,7,Joel,Ward,0,0,73,2.6,2486,37,132.2,440.4,58.0,2,422,63.2,9,0,8,0.2,4.5,DEF,False,16.2
Marc Guéhi,167,7,Marc,Guéhi,2,1,123,3.4,3222,43,98.5,720.6,290.0,8,676,111.1,11,0,4,2.0,4.5,DEF,False,27.3
Joachim Andersen,165,7,Joachim,Andersen,0,4,124,3.6,2914,37,233.2,610.8,142.0,14,619,98.6,12,0,4,2.7,4.7,DEF,False,26.4
Nathaniel Clyne,157,7,Nathaniel,Clyne,0,1,59,3.7,1351,12,97.7,170.8,17.0,4,264,28.7,6,0,1,0.8,4.3,DEF,False,13.7
Jesurun Rak-Sakyi,172,7,Jesurun,Rak-Sakyi,0,0,4,2.0,79,0,5.0,1.0,0.0,0,7,0.6,1,0,0,0.0,4.4,MID,False,0.9
Remi Matthews,495,7,Remi,Matthews,0,0,0,0.0,0,0,0.0,0.0,0.0,0,0,0.0,0,0,0,0.4,3.9,GK,False,0.0
Odsonne Edouard,166,7,Odsonne,Edouard,6,4,87,3.1,1554,19,252.4,385.2,610.0,9,280,125.0,9,0,4,2.9,6.0,FWD,False,14.5
Tayo Adaramola,766,7,Tayo,Adaramola,0,0,0,0.0,0,0,0.0,0.0,0.0,0,0,0.0,0,0,0,0.0,4.0,DEF,False,0.0
Anwar El Ghazi,51,8,Anwar,El Ghazi,1,1,22,2.0,392,8,85.2,74.6,85.0,1,61,24.4,1,0,2,0.3,5.6,MID,False,3.9
Seamus Coleman,178,8,Seamus,Coleman,1,1,79,2.6,2656,50,232.1,469.4,170.0,6,439,86.9,7,0,4,1.0,4.9,DEF,False,16.1
Michael Keane,180,8,Michael,Keane,3,2,102,3.2,2791,54,96.9,676.4,229.0,11,518,100.4,8,1,2,2.7,4.6,DEF,False,22.2
Jordan Pickford,182,8,Jordan,Pickford,0,0,116,3.3,3150,58,43.0,863.2,0.0,12,624,90.5,7,0,2,6.3,4.8,GK,False,24.2
Allan Marques Loureiro,183,8,Allan,Marques Loureiro,0,3,58,2.1,2181,38,228.4,391.4,82.0,2,313,70.4,6,1,7,2.9,4.3,MID,False,13.5
André Tavares Gomes,184,8,André Filipe,Tavares Gomes,0,1,18,1.3,614,19,85.2,84.0,136.0,0,47,30.6,0,0,3,0.1,4.9,MID,False,3.7
Abdoulaye Doucouré,185,8,Abdoulaye,Doucouré,2,5,90,3.0,2536,47,285.7,476.8,441.0,8,387,120.6,5,0,6,1.2,5.3,MID,False,17.0
Alex Iwobi,186,8,Alex,Iwobi,2,2,78,2.8,2029,38,489.7,361.8,351.0,6,312,120.1,6,0,1,0.3,5.8,MID,False,13.4
Yerry Mina,188,8,Yerry,Mina,0,0,24,1.8,844,10,18.2,164.8,66.0,0,133,24.6,2,0,3,0.3,4.9,DEF,False,4.9
Tom Davies,190,8,Tom,Davies,1,0,12,2.0,230,9,8.0,51.4,90.0,0,44,15.0,0,0,1,0.1,4.8,MID,False,2.5
Dominic Calvert-Lewin,191,8,Dominic,Calvert-Lewin,5,2,64,3.8,1281,31,123.2,236.4,441.0,10,207,79.9,3,0,2,3.0,7.7,FWD,False,8.3
Mason Holgate,192,8,Mason,Holgate,2,2,62,2.5,2133,42,41.8,414.6,120.0,2,312,57.6,5,1,7,1.6,4.2,DEF,False,14.8
Ben Godfrey,193,8,Ben,Godfrey,0,0,45,2.0,2029,39,164.6,416.0,222.0,1,318,80.5,4,0,6,0.4,4.7,DEF,False,9.6
Richarlison de Andrade,454,8,Richarlison,de Andrade,10,6,125,4.2,2522,46,383.7,651.4,1010.0,19,413,203.9,7,0,9,12.3,7.6,FWD,False,16.4
Donny van de Beek,336,8,Donny,van de Beek,2,0,31,2.1,550,14,76.5,116.4,85.0,1,119,27.8,2,0,1,0.3,5.7,MID,False,5.4
Asmir Begović,176,8,Asmir,Begović,0,0,13,4.3,270,8,0.0,53.0,0.0,3,61,5.3,1,0,0,2.3,4.0,GK,False,3.2
Andros Townsend,179,8,Andros,Townsend,3,2,66,3.1,1452,30,468.9,351.6,221.0,8,252,103.9,3,0,3,2.1,5.2,MID,False,12.7
Demarai Gray,189,8,Demarai,Gray,5,5,106,3.1,2336,39,641.6,479.2,731.0,3,397,185.3,6,0,3,5.2,5.4,MID,False,19.6
Anthony Gordon,195,8,Anthony,Gordon,4,3,100,2.9,2277,40,512.2,456.8,632.0,9,325,160.2,7,0,4,5.7,4.7,MID,False,21.3
Jean-Philippe Gbamin,187,8,Jean-Philippe,Gbamin,0,0,3,1.0,65,2,0.6,7.0,0.0,0,10,0.8,0,0,0,0.0,4.4,MID,False,0.7
Jarrad Branthwaite,196,8,Jarrad,Branthwaite,1,0,7,1.2,387,17,2.3,69.8,44.0,1,49,11.7,0,1,0,0.3,4.0,DEF,False,1.8
Niels Nkounkou,198,8,Niels,Nkounkou,0,0,0,0.0,0,0,0.0,0.0,0.0,0,0,0.0,0,0,0,0.0,4.0,DEF,False,0.0
Andy Lonergan,760,8,Andy,Lonergan,0,0,0,0.0,0,0,0.0,0.0,0.0,0,0,0.0,0,0,0,0.1,3.9,GK,False,0.0
Salomón Rondón,177,8,Salomón,Rondón,1,1,30,1.5,779,16,108.9,94.2,339.0,2,73,53.8,2,1,2,0.2,6.0,FWD,False,5.0
Ellis Simms,686,8,Ellis,Simms,0,0,2,2.0,61,0,0.4,6.4,0.0,0,6,0.7,1,0,0,0.2,4.5,FWD,False,0.4
Reece Welch,605,8,Reece,Welch,0,0,0,0.0,0,0,0.0,0.0,0.0,0,0,0.0,0,0,0,0.0,4.0,DEF,False,0.0
Nathan Patterson,197,8,Nathan,Patterson,0,0,0,0.0,0,0,0.0,0.0,0.0,0,0,0.0,0,0,0,0.0,4.1,DEF,False,0.0
Vitalii Mykolenko,194,8,Vitalii,Mykolenko,1,1,42,3.2,1054,17,138.8,187.4,66.0,3,177,39.4,3,0,0,1.2,4.9,DEF,False,8.6
Isaac Price,678,8,Isaac,Price,0,0,1,1.0,13,1,0.0,0.0,0.0,0,-2,0.0,0,0,0,0.0,4.5,MID,False,0.2
Kasper Schmeichel,248,9,Kasper,Schmeichel,0,0,131,3.5,3330,58,11.2,1064.0,0.0,12,706,107.8,7,0,1,18.2,5.0,GK,False,26.2
Jonny Evans,249,9,Jonny,Evans,1,1,39,2.2,1346,23,46.7,339.2,73.0,0,257,45.9,2,0,3,0.3,5.4,DEF,False,7.2
Marc Albrighton,251,9,Marc,Albrighton,1,2,40,2.4,1127,24,208.6,236.2,51.0,2,169,49.7,2,0,3,0.1,5.2,MID,False,7.7
Nampalys Mendy,252,9,Nampalys,Mendy,0,0,24,1.7,1032,15,42.7,85.4,7.0,0,147,13.6,2,0,3,1.1,4.3,MID,False,5.6
Danny Ward,254,9,Danny,Ward,0,0,3,3.0,90,1,0.0,32.4,0.0,0,17,3.2,0,0,0,3.4,4.0,GK,False,0.8
Jamie Vardy,255,9,Jamie,Vardy,15,3,133,5.3,1801,27,227.9,560.4,722.0,24,480,150.2,4,0,2,12.0,10.3,FWD,False,12.9
Dennis Praet,549,9,Dennis,Praet,0,0,0,0.0,0,0,0.0,0.0,0.0,0,0,0.0,0,0,0,0.0,4.9,MID,False,0.0
Ricardo Barbosa Pereira,256,9,Ricardo Domingos,Barbosa Pereira,1,3,35,2.5,990,20,128.1,252.0,120.0,3,202,50.1,1,0,3,1.5,5.2,DEF,False,6.7
Daniel Amartey,257,9,Daniel,Amartey,0,0,55,2.0,2118,40,69.1,458.6,20.0,4,422,54.7,5,0,4,10.9,4.0,DEF,False,13.8
Timothy Castagne,258,9,Timothy,Castagne,1,0,75,2.8,2124,30,224.7,426.0,92.0,6,365,74.4,6,0,1,1.5,5.3,DEF,False,14.2
Youri Tielemans,259,9,Youri,Tielemans,6,4,120,3.8,2629,42,577.1,714.6,442.0,14,532,172.9,6,0,3,3.5,6.4,MID,False,18.8
Ayoze Pérez,260,9,Ayoze,Pérez,2,3,35,2.5,438,15,128.1,100.8,146.0,2,101,37.0,1,1,0,0.1,5.7,MID,False,6.1
James Maddison,261,9,James,Maddison,12,11,181,5.2,2454,41,664.1,767.4,753.0,24,637,218.3,5,0,3,16.3,6.9,MID,False,26.2
Kelechi Iheanacho,262,9,Kelechi,Iheanacho,4,6,80,3.1,1253,25,242.7,292.0,390.0,10,246,92.2,1,0,1,3.2,7.0,FWD,False,11.4
Hamza Choudhury,263,9,Hamza,Choudhury,0,0,8,1.3,284,4,2.8,43.0,6.0,0,41,5.3,1,0,1,0.1,4.4,MID,False,1.8
Harvey Barnes,264,9,Harvey,Barnes,6,12,137,4.3,2095,30,413.0,525.2,975.0,10,377,191.0,8,0,2,4.2,6.5,MID,False,21.1
Wilfred Ndidi,265,9,Wilfred,Ndidi,0,1,41,2.2,1617,26,66.0,322.0,179.0,0,240,57.0,5,0,4,0.8,4.8,MID,False,8.5
Çaglar Söyüncü,267,9,Çaglar,Söyüncü,1,0,66,2.4,2497,44,64.7,606.4,90.0,6,454,76.2,5,0,5,2.1,4.9,DEF,False,13.5
James Justin,268,9,James,Justin,0,0,29,2.2,996,13,129.4,178.4,97.0,1,167,40.7,2,0,0,0.6,4.9,DEF,False,5.9
Luke Thomas,270,9,Luke,Thomas,0,1,50,2.3,1911,35,198.5,406.2,59.0,1,349,66.6,5,0,2,0.8,4.3,DEF,False,11.6
Wesley Fofana,272,9,Wesley,Fofana,0,0,17,2.4,630,7,29.8,109.6,23.0,2,112,16.3,1,0,2,0.9,4.3,DEF,False,4.0
Jannik Vestergaard,253,9,Jannik,Vestergaard,0,0,11,1.1,563,16,15.2,159.2,15.0,0,115,19.0,1,0,2,0.4,4.7,DEF,False,2.3
Patson Daka,271,9,Patson,Daka,5,3,70,3.0,1152,20,166.2,287.8,460.0,8,216,90.9,3,0,2,1.4,7.0,FWD,False,10.0
Boubakary Soumaré,269,9,Boubakary,Soumaré,0,1,36,1.9,1095,27,98.6,142.6,40.0,1,153,28.1,2,0,0,0.1,4.8,MID,False,7.5
Ryan Bertrand,250,9,Ryan,Bertrand,0,0,4,1.0,337,7,14.8,48.0,8.0,0,32,7.2,0,0,1,0.3,4.6,DEF,False,0.9
Kiernan Dewsbury-Hall,266,9,Kiernan,Dewsbury-Hall,1,2,70,2.5,2101,27,494.2,373.8,219.0,4,337,108.9,8,0,4,1.6,4.4,MID,False,15.9
Eldin Jakupovic,627,9,Eldin,Jakupovic,0,0,0,0.0,0,0,0.0,0.0,0.0,0,0,0.0,0,0,0,0.2,3.9,GK,False,0.0
Lewis Brunt,273,9,Lewis,Brunt,0,0,1,1.0,23,1,1.5,2.0,2.0,0,2,0.6,0,0,0,0.0,4.5,MID,False,0.2
Kasey McAteer,687,9,Kasey,McAteer,0,0,1,1.0,2,0,0.0,0.0,0.0,0,3,0.0,0,0,0,0.0,4.5,MID,False,0.2
Liam Cooper,221,10,Liam,Cooper,0,2,60,2.9,1814,26,53.3,406.4,65.0,5,352,52.7,5,0,5,0.3,4.4,DEF,False,13.6
Luke Ayling,222,10,Luke,Ayling,2,3,55,2.1,2272,66,186.5,603.2,238.0,8,405,102.5,2,1,4,2.8,4.3,DEF,False,12.8
Mateusz Klich,223,10,Mateusz,Klich,1,2,61,1.8,2071,52,432.9,337.2,476.0,4,277,124.3,1,0,5,0.3,5.1,MID,False,12.0
Rodrigo Moreno,225,10,Rodrigo,Moreno,6,2,85,2.7,2263,37,533.1,422.8,581.0,11,351,153.6,5,0,9,2.1,6.3,FWD,False,13.5
Stuart Dallas,226,10,Stuart,Dallas,1,1,80,2.4,2920,66,509.6,615.8,288.0,6,473,141.8,5,0,5,2.7,4.9,MID,False,16.3
Patrick Bamford,227,10,Patrick,Bamford,2,2,28,3.1,557,14,69.0,125.8,289.0,2,90,47.9,0,0,2,2.8,7.7,FWD,False,3.6
Diego Llorente,228,10,Diego,Llorente,3,0,77,2.8,2341,44,39.8,515.4,142.0,6,432,70.0,5,0,7,0.4,4.5,DEF,False,17.1
Kalvin Phillips,325,10,Kalvin,Phillips,0,1,39,1.9,1594,25,137.0,249.0,99.0,1,209,48.8,3,0,4,0.9,4.7,MID,False,8.3
Tyler Roberts,229,10,Tyler,Roberts,1,1,34,1.5,976,26,189.8,160.4,296.0,1,105,64.9,1,0,5,0.1,4.8,MID,False,7.1
Robin Koch,230,10,Robin,Koch,0,0,23,1.1,1572,40,67.4,196.2,113.0,0,186,37.9,1,0,3,0.1,4.3,DEF,False,5.3
Raphael Dias Belloli,232,10,Raphael,Dias Belloli,11,4,145,4.1,2916,68,898.8,728.2,872.0,14,457,250.1,5,0,7,11.6,6.3,MID,False,23.0
Jamie Shackleton,234,10,Jamie,Shackleton,0,1,19,1.4,704,14,29.0,126.6,62.0,0,94,21.9,1,0,4,0.1,4.4,MID,False,4.3
Pascal Struijk,235,10,Pascal,Struijk,1,1,35,1.2,2050,53,124.6,479.2,191.0,0,339,79.6,1,1,6,0.2,4.3,DEF,False,8.1
Illan Meslier,238,10,Illan,Meslier,0,0,106,2.8,3384,79,0.0,1059.6,0.0,8,713,105.8,5,0,2,2.0,4.8,GK,False,22.1
Jack Harrison,233,10,Jack,Harrison,8,1,117,3.3,2638,68,582.1,569.0,647.0,12,408,179.0,3,0,3,1.5,5.5,MID,False,21.3
Daniel James,231,10,Daniel,James,4,5,91,2.7,2489,51,348.1,336.4,810.0,2,221,148.1,5,1,7,0.5,6.0,MID,False,15.2
Kristoffer Klaesson,236,10,Kristoffer,Klaesson,0,0,2,2.0,35,0,0.0,25.4,0.0,0,12,2.5,0,0,0,0.1,4.3,GK,False,0.5
Sam Greenwood,237,10,Sam,Greenwood,0,2,15,2.1,231,5,45.0,51.6,34.0,0,54,13.0,0,0,0,3.1,4.6,FWD,False,3.3
Crysencio Summerville,240,10,Crysencio,Summerville,0,0,6,1.0,126,1,32.0,18.6,36.0,0,20,8.6,0,0,0,0.0,4.5,MID,False,1.3
Adam Forshaw,224,10,Adam,Forshaw,0,1,38,1.7,1526,41,195.3,217.2,119.0,0,204,53.3,2,0,5,0.1,4.5,MID,False,8.4
Cody Drameh,547,10,Cody,Drameh,0,0,0,0.0,126,6,16.5,20.0,4.0,0,14,4.0,0,0,1,0.1,3.9,DEF,False,0.0
Joe Gelhardt,242,10,Joe,Gelhardt,2,4,43,2.1,733,25,115.2,148.0,410.0,3,129,67.0,1,0,4,4.1,4.7,FWD,False,9.1
Leo Fuhr Hjelde,243,10,Leo Fuhr,Hjelde,0,0,2,1.0,148,5,12.8,45.6,2.0,0,29,6.1,0,0,0,0.0,4.0,DEF,False,0.5
Lewis Bate,241,10,Lewis,Bate,0,0,3,1.0,145,4,2.8,5.4,1.0,0,4,0.8,0,0,0,0.0,4.5,MID,False,0.7
Archie Gray,565,10,Archie,Gray,0,0,0,0.0,0,0,0.0,0.0,0.0,0,0,0.0,0,0,0,0.0,4.5,MID,False,0.0
James Milner,274,11,James,Milner,0,1,38,1.6,844,6,327.8,229.2,74.0,1,196,63.2,4,0,2,0.1,4.9,MID,False,7.8
Jordan Henderson,275,11,Jordan,Henderson,2,5,110,3.1,2592,22,644.7,478.6,247.0,9,507,136.8,15,0,3,1.8,4.9,MID,False,22.4
Adrián San Miguel del Castillo,497,11,Adrián,San Miguel del Castillo,0,0,0,0.0,0,0,0.0,0.0,0.0,0,0,0.0,0,0,0,0.2,4.3,GK,False,0.0
Joel Matip,276,11,Joel,Matip,3,3,170,5.5,2790,21,170.6,678.6,478.0,20,763,132.8,17,0,2,10.1,5.3,DEF,False,32.1
Thiago Alcántara do Nascimento,277,11,Thiago,Alcántara do Nascimento,1,4,69,2.8,1527,7,410.1,394.6,274.0,3,338,108.2,11,0,2,0.6,5.3,MID,False,13.0
Alex Oxlade-Chamberlain,278,11,Alex,Oxlade-Chamberlain,2,1,42,2.5,777,7,170.0,162.8,208.0,2,148,54.0,3,0,0,0.2,5.8,MID,False,7.2
Roberto Firmino,279,11,Roberto,Firmino,5,4,62,3.1,980,9,226.1,312.6,471.0,5,270,101.0,5,0,3,2.4,8.7,FWD,False,7.1
Virgil van Dijk,280,11,Virgil,van Dijk,3,3,183,5.4,3060,21,150.3,726.4,455.0,13,803,133.1,21,0,3,17.8,6.8,DEF,True,26.9
Alisson Ramses Becker,281,11,Alisson,Ramses Becker,0,1,176,4.9,3240,24,10.0,688.0,0.0,15,782,69.8,20,0,0,9.4,6.1,GK,True,28.9
Fabio Henrique Tavares,282,11,Fabio Henrique,Tavares,5,1,97,3.3,2311,18,282.2,501.8,310.0,7,438,109.4,15,0,7,0.9,5.4,MID,False,18.0
Mohamed Salah,283,11,Mohamed,Salah,23,14,265,7.6,2758,22,874.1,1203.8,2091.0,29,756,417.0,17,0,1,41.0,13.1,MID,True,20.2
Andrew Robertson,284,11,Andrew,Robertson,3,11,186,6.4,2537,20,882.7,660.2,329.0,23,770,187.4,17,1,5,11.6,7.3,DEF,True,25.5
Trent Alexander-Arnold,285,11,Trent,Alexander-Arnold,2,12,208,6.5,2853,22,1362.8,837.2,478.0,32,864,268.1,18,0,2,37.9,8.4,DEF,True,24.8
Joseph Gomez,286,11,Joseph,Gomez,0,1,22,2.8,330,3,64.0,76.6,13.0,2,92,15.4,2,0,2,0.4,4.7,DEF,False,4.7
Naby Keita,287,11,Naby,Keita,3,2,65,2.8,1169,6,229.6,295.8,232.0,4,262,75.9,8,0,3,0.2,5.0,MID,False,13.0
Nathaniel Phillips,501,11,Nathaniel,Phillips,0,0,0,0.0,0,0,0.0,0.0,0.0,0,0,0.0,0,0,0,0.1,4.2,DEF,False,0.0
Caoimhin Kelleher,289,11,Caoimhin,Kelleher,0,0,8,4.0,180,2,0.0,46.2,0.0,0,52,4.6,1,0,0,0.1,4.3,GK,False,1.9
Ibrahima Konaté,290,11,Ibrahima,Konaté,0,0,33,3.0,990,10,19.7,197.4,20.0,0,208,23.7,4,0,2,1.4,5.1,DEF,False,6.5
Curtis Jones,291,11,Curtis,Jones,1,1,40,2.7,849,9,179.7,156.4,171.0,3,177,50.8,4,0,0,0.1,5.0,MID,False,8.0
Konstantinos Tsimikas,292,11,Konstantinos,Tsimikas,0,2,42,3.2,874,6,401.1,214.4,141.0,2,202,75.8,4,0,3,12.4,3.7,DEF,False,11.4
Neco Williams,295,11,Neco,Williams,0,1,4,4.0,7,0,11.1,18.2,2.0,0,17,3.1,0,0,0,0.5,3.8,DEF,False,1.1
Rhys Williams,498,11,Rhys,Williams,0,0,0,0.0,0,0,0.0,0.0,0.0,0,0,0.0,0,0,0,0.0,4.4,DEF,False,0.0
Ben Davies,432,11,Ben,Davies,0,0,0,0.0,0,0,0.0,0.0,0.0,0,0,0.0,0,0,0,0.1,4.0,DEF,False,0.0
Ben Davies,432,17,Ben,Davies,0,0,0,3.6,0,0,0.0,0.0,0.0,0,0,0.0,0,0,0,0.1,4.0,DEF,False,23.3
Ben Davies,432,11,Ben,Davies,0,0,0,0.0,0,0,0.0,0.0,0.0,0,0,0.0,0,0,0,0.1,4.0,DEF,False,0.0
Ben Davies,432,17,Ben,Davies,0,0,0,3.6,0,0,0.0,0.0,0.0,0,0,0.0,0,0,0,0.1,4.0,DEF,False,23.3
Ben Davies,432,11,Ben,Davies,1,2,105,0.0,2537,30,199.6,482.2,243.0,3,490,92.8,12,0,6,3.1,4.5,DEF,False,0.0
Ben Davies,432,17,Ben,Davies,1,2,105,3.6,2537,30,199.6,482.2,243.0,3,490,92.8,12,0,6,3.1,4.5,DEF,False,23.3
Ben Davies,432,11,Ben,Davies,1,2,105,0.0,2537,30,199.6,482.2,243.0,3,490,92.8,12,0,6,3.1,4.5,DEF,False,0.0
Ben Davies,432,17,Ben,Davies,1,2,105,3.6,2537,30,199.6,482.2,243.0,3,490,92.8,12,0,6,3.1,4.5,DEF,False,23.3
Harvey Elliott,294,11,Harvey,Elliott,0,0,12,2.0,344,2,133.5,43.2,102.0,0,52,27.9,2,0,0,0.1,5.3,MID,False,2.3
Luis Díaz,293,11,Luis,Díaz,4,3,64,4.9,957,4,245.6,273.8,530.0,6,227,105.1,6,0,0,8.0,8.1,MID,False,7.9
Jack Grealish,305,12,Jack,Grealish,3,3,86,3.3,1910,8,730.6,394.4,923.0,2,359,204.8,15,0,3,7.1,7.5,MID,False,11.5
Kyle Walker,299,12,Kyle,Walker,0,2,85,4.2,1755,14,247.8,274.2,110.0,5,403,63.2,10,0,1,4.7,5.4,DEF,False,15.7
Ilkay Gündogan,300,12,Ilkay,Gündogan,8,5,124,4.6,1851,10,612.0,484.0,728.0,10,488,182.6,14,0,1,2.6,7.1,MID,False,17.5
Kevin De Bruyne,301,12,Kevin,De Bruyne,15,8,196,6.5,2196,22,1147.6,973.4,845.0,33,732,296.8,13,0,2,18.6,12.1,MID,True,16.2
John Stones,302,12,John,Stones,1,0,70,5.0,1117,6,65.9,204.6,110.0,4,290,38.0,9,0,0,2.6,5.2,DEF,False,13.5
Riyad Mahrez,303,12,Riyad,Mahrez,11,7,135,4.8,1485,14,603.3,609.6,814.0,12,477,202.3,7,0,0,4.0,8.6,MID,False,15.7
Raheem Sterling,304,12,Raheem,Sterling,13,7,163,5.4,2121,17,588.2,709.8,1184.0,15,468,248.4,13,0,1,2.6,10.5,MID,False,15.5
João Cancelo,306,12,João Pedro Cavaco,Cancelo,1,11,201,5.6,3227,25,750.1,778.6,797.0,27,829,232.8,19,0,7,41.4,7.2,DEF,True,27.9
Ederson Santana de Moraes,307,12,Ederson,Santana de Moraes,0,0,155,4.2,3330,26,0.0,556.0,0.0,4,701,55.6,20,0,3,12.1,6.2,GK,False,25.0
Nathan Aké,308,12,Nathan,Aké,2,0,54,3.9,919,3,58.9,245.0,75.0,0,234,37.9,5,0,0,0.5,4.7,DEF,False,11.5
Aymeric Laporte,309,12,Aymeric,Laporte,4,2,160,4.8,2830,24,197.4,641.0,331.0,8,714,116.7,18,1,5,11.0,6.0,DEF,False,26.7
Zack Steffen,310,12,Zack,Steffen,0,0,7,7.0,90,0,0.0,23.0,0.0,1,29,2.3,1,0,0,0.2,4.4,GK,False,1.6
Bernardo Veiga de Carvalho e Silva,311,12,Bernardo Mota,Veiga de Carvalho e Silva,8,8,155,4.4,2856,23,849.7,729.6,950.0,15,663,253.5,16,0,6,14.0,7.0,MID,False,22.1
Rúben Gato Alves Dias,312,12,Rúben Santos,Gato Alves Dias,2,5,141,4.9,2401,18,225.2,581.2,268.0,12,622,107.6,14,0,5,15.5,6.2,DEF,False,22.7
Gabriel Fernando de Jesus,28,12,Gabriel Fernando,de Jesus,8,8,120,4.3,1871,15,508.4,563.6,1075.0,16,488,214.6,11,0,1,10.2,8.6,FWD,False,14.0
Oleksandr Zinchenko,313,12,Oleksandr,Zinchenko,0,4,59,3.9,1044,9,256.6,234.2,103.0,4,284,59.5,5,0,0,1.5,5.3,DEF,False,11.1
Phil Foden,314,12,Phil,Foden,9,6,137,4.9,2125,16,670.4,563.2,920.0,11,483,215.7,13,0,1,7.6,7.9,MID,False,17.3
Rodrigo Hernandez,315,12,Rodrigo,Hernandez,7,2,127,3.8,2884,22,525.5,716.6,435.0,9,618,168.1,17,0,5,1.9,5.5,MID,False,23.1
Cole Palmer,316,12,Cole,Palmer,0,1,9,2.2,121,0,30.8,11.0,60.0,0,29,10.2,1,0,0,0.1,4.5,MID,False,2.0
Samuel Edozie,624,12,Samuel,Edozie,0,0,0,0.0,0,0,0.0,0.0,0.0,0,0,0.0,0,0,0,0.0,4.7,MID,False,0.0
Scott Carson,502,12,Scott,Carson,0,0,0,0.0,0,0,0.0,0.0,0.0,0,0,0.0,0,0,0,1.4,3.9,GK,False,0.0
James McAtee,317,12,James,McAtee,0,0,2,1.0,18,0,0.2,0.0,0.0,0,3,0.0,0,0,0,0.0,4.4,MID,False,0.5
Liam Delap,323,12,Liam,Delap,0,0,1,1.0,8,0,0.0,0.0,2.0,0,2,0.1,0,0,0,0.2,4.5,FWD,False,0.2
David De Gea Quintana,327,13,David,de Gea,0,0,132,3.5,3420,57,0.3,947.2,0.0,7,667,94.2,8,0,0,8.5,5.0,GK,False,26.4
Harry Maguire,330,13,Harry,Maguire,1,0,69,2.3,2513,43,75.9,560.8,314.0,4,451,95.1,7,1,7,4.3,5.4,DEF,False,12.8
Frederico Rodrigues de Paula Santos,331,13,Frederico,Rodrigues de Paula Santos,4,5,93,3.3,2026,31,390.2,583.4,201.0,8,426,117.5,7,0,5,0.8,4.9,MID,False,19.0
Luke Shaw,332,13,Luke,Shaw,0,3,46,2.3,1600,24,586.1,292.0,54.0,3,276,93.3,3,0,8,10.8,5.0,DEF,False,9.2
Jesse Lingard,527,13,Jesse,Lingard,2,0,29,1.8,354,13,109.5,115.8,102.0,1,105,32.7,0,0,1,0.9,6.7,MID,False,4.3
Bruno Borges Fernandes,333,13,Bruno Miguel,Borges Fernandes,10,7,151,4.2,3110,54,1275.5,901.0,853.0,15,626,303.3,8,0,10,13.5,11.6,MID,False,13.0
Anthony Martial,345,13,Anthony,Martial,1,0,14,1.8,207,3,17.5,40.4,91.0,2,40,14.6,0,0,0,0.5,7.6,FWD,False,1.8
Alex Telles,334,13,Alex Nicolao,Telles,0,4,67,3.2,1658,26,437.3,382.4,95.0,6,345,91.5,5,0,1,0.8,4.9,DEF,False,13.7
Dean Henderson,398,13,Dean,Henderson,0,0,0,0.0,0,0,0.0,0.0,0.0,0,0,0.0,0,0,0,0.4,4.7,GK,False,0.0
Marcus Rashford,335,13,Marcus,Rashford,4,2,63,2.5,1224,28,155.4,233.8,406.0,0,171,79.4,2,0,2,0.6,9.4,MID,False,6.7
Victor Lindelöf,337,13,Victor,Lindelöf,0,2,66,2.4,2353,47,75.4,433.2,66.0,4,471,57.6,6,0,4,0.5,4.8,DEF,False,13.8
Scott McTominay,338,13,Scott,McTominay,1,2,68,2.3,2386,37,311.8,463.4,258.0,2,346,103.4,8,0,9,0.3,5.4,MID,False,12.6
Eric Bailly,339,13,Eric,Bailly,0,0,2,0.5,216,4,1.0,36.0,0.0,0,22,3.7,0,0,1,0.1,4.9,DEF,False,0.4
Aaron Wan-Bissaka,341,13,Aaron,Wan-Bissaka,0,0,41,2.0,1793,35,237.0,371.8,123.0,3,329,73.3,3,0,2,2.9,5.1,DEF,False,8.0
Jadon Sancho,340,13,Jadon,Sancho,3,4,91,3.1,1894,28,596.7,363.2,549.0,9,362,150.9,6,0,0,2.1,8.9,MID,False,10.2
Tom Heaton,348,13,Tom,Heaton,0,0,0,0.0,0,0,0.0,0.0,0.0,0,0,0.0,0,0,0,0.8,3.9,GK,False,0.0
Andreas Hoelgebaum Pereira,346,13,Andreas,Pereira,0,0,0,0.0,0,0,0.0,0.0,0.0,0,0,0.0,0,0,0,0.0,5.0,MID,False,0.0
Anthony Elanga,344,13,Anthony,Elanga,2,3,59,2.8,1208,17,168.2,199.8,297.0,2,193,66.6,4,0,0,0.8,4.8,MID,False,12.3
Raphaël Varane,329,13,Raphaël,Varane,1,1,75,3.4,1829,22,60.0,402.4,119.0,9,378,58.5,5,0,0,2.3,5.5,DEF,False,13.6
Cristiano Ronaldo dos Santos Aveiro,326,13,Cristiano Ronaldo,dos Santos Aveiro,18,3,159,5.3,2454,41,421.9,800.4,1535.0,29,608,274.6,8,0,8,18.1,12.2,FWD,False,13.0
Phil Jones,328,13,Phil,Jones,0,0,4,1.0,161,3,1.6,53.0,0.0,0,41,5.5,0,0,0,0.0,4.5,DEF,False,0.9
Amad Diallo,550,13,Amad,Diallo,0,0,0,0.0,0,0,0.0,0.0,0.0,0,0,0.0,0,0,0,0.0,5.0,MID,False,0.0
Alejandro Garnacho,569,13,Alejandro,Garnacho Ferreyra,0,0,2,1.0,12,0,0.0,0.0,0.0,0,5,0.0,0,0,0,0.0,4.5,MID,False,0.4
Shola Shoretire,660,13,Shola,Shoretire,0,0,1,1.0,15,0,0.0,0.0,0.0,0,3,0.0,0,0,0,0.0,4.5,MID,False,0.2
Matt Targett,367,14,Matt,Targett,1,2,101,3.1,2871,47,623.8,567.4,184.0,7,530,137.6,9,0,3,2.8,4.7,DEF,False,21.5
Dan Burn,358,14,Dan,Burn,1,1,92,3.2,2461,30,83.7,569.8,264.0,6,454,91.6,9,0,8,1.1,4.4,DEF,False,20.9
Chris Wood,354,14,Chris,Wood,5,0,91,2.7,2694,41,265.3,270.6,784.0,8,228,130.1,6,0,1,1.8,6.3,FWD,False,14.4
Jonjo Shelvey,349,14,Jonjo,Shelvey,2,1,63,2.6,1981,30,246.7,320.8,156.0,6,292,72.6,6,1,5,0.1,5.3,MID,False,11.9
Matt Ritchie,350,14,Matt,Ritchie,0,2,20,1.1,1333,37,420.1,225.0,92.0,0,207,73.9,0,0,5,0.2,4.9,DEF,False,4.1
Ciaran Clark,352,14,Ciaran,Clark,0,1,14,1.1,1012,27,49.9,189.2,95.0,1,131,33.1,0,1,2,0.1,4.4,DEF,False,3.2
Karl Darlow,353,14,Karl,Darlow,0,0,20,2.5,720,15,0.0,157.0,0.0,3,110,15.8,0,0,1,0.3,4.5,GK,False,4.4
Martin Dubravka,355,14,Martin,Dubravka,0,0,96,3.7,2340,35,10.0,566.4,0.0,9,465,57.7,8,0,1,2.8,4.4,GK,False,21.8
Callum Wilson,356,14,Callum,Wilson,8,0,75,4.2,1386,32,116.0,248.8,434.0,14,220,78.2,3,0,4,1.5,7.1,FWD,False,10.6
Jeff Hendrick,375,14,Jeff,Hendrick,1,0,8,2.7,69,3,12.1,38.8,9.0,0,25,6.0,0,0,0,0.0,4.8,MID,False,1.7
Ryan Fraser,359,14,Ryan,Fraser,2,5,78,2.9,1459,23,428.1,250.2,324.0,8,263,99.2,5,0,3,0.3,5.1,MID,False,15.3
Jamaal Lascelles,360,14,Jamaal,Lascelles,1,1,47,1.8,2055,44,46.4,399.8,276.0,2,284,71.9,3,0,5,0.2,4.4,DEF,False,10.7
Dwight Gayle,361,14,Dwight,Gayle,0,0,7,0.9,34,0,24.2,4.2,13.0,0,22,4.1,0,0,1,0.2,5.2,FWD,False,1.3
Paul Dummett,362,14,Paul,Dummett,0,0,7,2.3,197,1,1.9,24.2,0.0,0,28,2.6,1,0,2,0.0,4.5,DEF,False,1.6
Javier Manquillo Gaitán,363,14,Javier,Manquillo,1,3,38,2.0,1258,27,65.4,244.2,64.0,0,206,37.7,1,0,5,4.6,3.9,DEF,False,9.7
Emil Krafth,364,14,Emil,Krafth,0,1,58,2.9,1636,20,102.7,270.4,54.0,3,262,42.9,6,0,5,0.2,4.3,DEF,False,13.5
Jacob Murphy,365,14,Jacob,Murphy,1,4,62,1.9,1457,35,280.2,261.6,275.0,0,215,81.4,2,0,4,0.4,4.6,MID,False,13.5
Fabian Schär,366,14,Fabian,Schär,2,2,88,3.5,2158,32,115.9,465.2,234.0,10,383,81.7,6,0,4,2.5,4.1,DEF,False,21.5
Allan Saint-Maximin,368,14,Allan,Saint-Maximin,5,7,116,3.3,2804,54,649.7,554.8,841.0,15,394,204.9,9,0,6,10.9,6.7,FWD,False,17.3
Miguel Almirón Rejala,369,14,Miguel,Almirón,1,0,59,2.0,1706,32,234.7,224.6,343.0,0,228,80.5,6,0,2,0.2,5.0,MID,False,11.8
Sean Longstaff,370,14,Sean,Longstaff,1,1,48,2.0,1458,29,114.8,230.4,93.0,1,206,44.0,2,0,1,0.5,4.3,MID,False,11.2
Joelinton Cássio Apolinário de Lira,371,14,Joelinton Cássio,Apolinário de Lira,4,2,83,2.4,2554,46,386.4,529.6,583.0,7,323,149.5,7,0,8,1.7,5.9,FWD,False,14.1
Jamal Lewis,372,14,Jamal,Lewis,0,0,10,2.0,261,4,13.8,39.4,2.0,0,39,5.6,1,0,1,0.1,4.2,DEF,False,2.4
Federico Fernández,351,14,Federico,Fernández,0,1,11,1.6,521,12,13.8,129.4,69.0,0,91,21.2,0,0,0,0.1,4.3,DEF,False,2.6
Mark Gillespie,776,14,Mark,Gillespie,0,0,0,0.0,0,0,0.0,0.0,0.0,0,0,0.0,0,0,0,0.3,3.9,GK,False,0.0
Elliot Anderson,552,14,Elliot,Anderson,0,0,0,0.0,0,0,0.0,0.0,0.0,0,0,0.0,0,0,0,0.0,4.5,MID,False,0.0
Kieran Trippier,357,14,Kieran,Trippier,2,0,28,4.7,429,5,121.7,146.2,14.0,3,101,28.3,1,0,0,0.3,4.9,DEF,False,5.7
Bruno Guimarães Rodriguez Moura,374,14,Bruno,Guimarães Rodriguez Moura,5,1,67,3.9,1031,13,188.8,385.4,301.0,11,245,87.7,4,0,4,2.8,5.0,MID,False,13.4
Lucas Tolentino Coelho de Lima,603,14,Lucas,De Bolle,0,0,0,0.0,0,0,0.0,0.0,0.0,0,0,0.0,0,0,0,0.0,4.4,MID,False,0.0
Billy Gilmour,149,15,Billy,Gilmour,0,1,49,2.0,1852,52,458.7,280.2,134.0,1,283,87.2,2,0,2,3.0,4.3,MID,False,11.4
Brandon Williams,343,15,Brandon,Williams,0,1,36,1.4,2119,52,289.3,371.0,80.0,4,346,74.5,2,0,8,4.6,3.9,DEF,False,9.2
Theo Walcott,400,16,Theo,Walcott,0,0,12,1.3,376,8,19.2,13.6,70.0,0,28,9.7,0,0,0,0.1,5.8,MID,False,2.1
Fraser Forster,426,16,Fraser,Forster,0,0,57,3.0,1710,35,0.0,559.8,0.0,6,330,56.2,3,0,1,1.2,4.4,GK,False,13.0
Alex McCarthy,401,16,Alex,McCarthy,0,0,55,3.2,1530,27,10.0,320.2,0.0,3,286,33.1,5,0,1,1.2,4.3,GK,False,12.8
Oriol Romeu Vidal,402,16,Oriol,Romeu Vidal,2,2,88,2.4,2890,52,521.5,527.4,247.0,6,487,129.8,7,0,9,0.5,4.5,MID,False,19.6
Nathan Redmond,403,16,Nathan,Redmond,1,6,79,2.9,1827,33,506.7,330.4,289.0,6,313,112.6,4,0,0,0.1,5.9,MID,False,13.4
Jack Stephens,404,16,Jack,Stephens,0,0,12,1.1,810,19,47.7,176.0,6.0,0,135,23.1,1,0,3,0.1,4.4,DEF,False,2.7
Stuart Armstrong,405,16,Stuart,Armstrong,2,1,57,2.3,1465,30,363.7,249.4,369.0,3,239,98.2,3,0,1,0.2,5.8,MID,False,9.8
James Ward-Prowse,407,16,James,Ward-Prowse,10,5,159,4.4,3215,65,1159.6,933.6,394.0,21,769,248.9,7,1,3,5.3,6.4,MID,False,24.8
Kyle Walker-Peters,409,16,Kyle,Walker-Peters,1,3,82,2.6,2630,49,364.1,465.2,423.0,7,481,124.9,6,0,5,1.1,4.8,DEF,False,17.1
Jan Bednarek,410,16,Jan,Bednarek,4,0,94,3.0,2629,52,88.1,699.6,321.0,15,499,111.2,7,0,10,1.4,4.4,DEF,False,21.4
Che Adams,411,16,Che,Adams,7,4,103,3.4,2034,40,337.0,425.8,800.0,11,333,156.4,5,0,0,2.6,6.5,FWD,False,15.8
Nathan Tella,412,16,Nathan,Tella,0,2,29,2.1,802,18,102.2,79.4,138.0,0,81,31.7,1,0,2,0.0,4.7,MID,False,6.2
Ibrahima Diallo,416,16,Ibrahima,Diallo,0,3,44,1.9,1016,21,209.6,177.6,79.0,3,187,46.6,1,0,1,0.1,4.5,MID,False,9.8
Moussa Djenepo,418,16,Moussa,Djenepo,0,0,13,1.1,452,10,87.0,45.2,126.0,0,21,25.8,1,0,3,0.0,5.2,MID,False,2.5
Mohammed Salisu,420,16,Mohammed,Salisu,0,0,58,1.7,2971,58,132.3,720.0,330.0,4,478,117.9,6,1,8,0.2,4.5,DEF,False,12.9
Romain Perraud,417,16,Romain,Perraud,0,1,38,1.9,1621,33,152.7,195.2,178.0,1,189,52.4,3,0,3,0.1,4.8,DEF,False,7.9
Tino Livramento,419,16,Tino,Livramento,1,2,80,2.9,2200,42,327.4,437.2,221.0,7,440,98.8,7,0,2,6.6,4.2,DEF,False,19.0
Mohamed Elyounoussi,406,16,Mohamed,Elyounoussi,4,3,90,3.0,2039,35,331.1,379.8,719.0,6,243,142.8,8,0,4,0.2,5.4,MID,False,16.7
Armando Broja,150,16,Armando,Broja,6,2,92,2.9,1969,37,159.2,280.2,720.0,11,234,115.6,5,0,2,7.9,5.3,FWD,False,17.4
Adam Armstrong,408,16,Adam,Armstrong,2,3,57,2.5,1409,31,173.9,179.2,567.0,3,150,91.3,4,0,1,1.4,5.7,FWD,False,10.0
Yan Valery,414,16,Yan,Valery,0,0,9,1.8,369,7,20.4,70.8,2.0,0,62,9.3,1,0,0,0.8,3.9,DEF,False,2.3
Lyanco Silveira Neves Vojnovic,413,16,Lyanco Evangelista,Silveira Neves Vojnovic,0,0,19,1.3,906,20,35.3,194.2,58.0,1,155,28.7,1,0,2,0.0,4.4,DEF,False,4.3
Willy Caballero,424,16,Willy,Caballero,0,0,2,1.0,180,5,0.0,53.2,0.0,0,23,5.4,0,0,1,0.0,4.2,GK,False,0.5
Hugo Lloris,425,17,Hugo,Lloris,0,0,158,4.2,3420,40,23.0,743.6,0.0,11,703,76.6,16,0,2,8.5,5.5,GK,False,28.7
Harry Kane,427,17,Harry,Kane,17,11,192,5.2,3231,40,637.9,969.4,1701.0,23,684,330.4,14,0,5,23.4,12.5,FWD,True,15.4
Serge Aurier,628,17,Serge,Aurier,0,0,0,0.0,0,0,0.0,0.0,0.0,0,0,0.0,0,0,0,0.2,4.9,DEF,False,0.0
Matt Doherty,429,17,Matt,Doherty,2,5,67,4.5,871,11,224.4,279.6,291.0,8,255,79.6,3,0,0,0.8,4.5,DEF,False,14.9
Eric Dier,430,17,Eric,Dier,0,1,132,3.8,3071,30,116.3,710.6,195.0,7,680,102.2,16,0,1,6.5,4.7,DEF,False,28.1
Lucas Rodrigues Moura da Silva,431,17,Lucas,Rodrigues Moura da Silva,2,6,87,2.6,1763,21,466.2,370.6,431.0,4,324,126.7,8,0,4,1.3,5.9,MID,False,14.7
Pierre-Emile Højbjerg,433,17,Pierre-Emile,Højbjerg,2,3,109,3.0,3196,34,413.6,690.0,315.0,6,616,141.9,16,0,3,2.6,4.8,MID,False,22.7
Harry Winks,434,17,Harry,Winks,0,2,33,1.7,904,15,198.4,167.8,20.0,1,175,38.7,1,0,2,1.0,4.4,MID,False,7.5
Davinson Sánchez,435,17,Davinson,Sánchez,2,1,93,4.0,1626,16,93.1,408.2,186.0,8,417,68.8,10,0,4,2.0,4.2,DEF,False,22.1
Ryan Sessegnon,436,17,Ryan,Sessegnon,0,3,56,3.7,1046,11,178.1,159.2,129.0,3,231,46.6,6,0,2,2.1,4.4,DEF,False,12.7
Steven Bergwijn,437,17,Steven,Bergwijn,3,2,55,2.2,548,6,101.2,163.6,273.0,3,138,53.7,3,0,1,0.4,5.9,MID,False,9.3
Sergio Reguilón,438,17,Sergio,Reguilón,2,4,104,4.2,1914,25,459.9,468.8,362.0,9,438,129.3,9,0,4,7.2,5.0,DEF,False,20.8
Japhet Tanganga,439,17,Japhet,Tanganga,0,0,29,2.6,735,11,48.1,118.0,108.0,0,133,27.5,5,1,2,0.8,4.2,DEF,False,6.9
Oliver Skipp,441,17,Oliver,Skipp,0,0,34,1.9,1346,13,151.5,183.8,39.0,0,180,37.4,8,0,6,0.6,4.4,MID,False,7.7
Joe Rodon,442,17,Joe,Rodon,0,0,3,1.0,87,3,0.7,19.6,0.0,0,17,2.0,0,0,0,0.1,4.2,DEF,False,0.7
Bryan Gil Salvatierra,554,17,Bryan,Gil Salvatierra,0,0,9,1.0,86,1,37.3,22.8,25.0,0,32,8.5,0,0,0,0.1,5.7,MID,False,1.6
Cristian Romero,443,17,Cristian,Romero,1,0,63,2.9,1844,25,98.9,498.8,102.0,10,385,69.9,5,0,8,0.7,4.8,DEF,False,13.1
Dane Scarlett,447,17,Dane,Scarlett,0,0,1,1.0,3,0,0.0,1.0,0.0,0,4,0.1,0,0,0,2.3,4.5,FWD,False,0.2
Emerson Leite de Souza Junior,445,17,Emerson Aparecido,Leite de Souza Junior,1,1,102,3.3,2282,26,446.1,454.6,298.0,8,489,120.0,10,0,5,2.5,4.6,DEF,False,22.2
Brandon Austin,451,17,Brandon,Austin,0,0,0,0.0,0,0,0.0,0.0,0.0,0,0,0.0,0,0,0,0.0,4.0,GK,False,0.0
Harvey White,449,17,Harvey,White,0,0,0,0.0,0,0,0.0,0.0,0.0,0,0,0.0,0,0,0,0.0,4.4,MID,False,0.0
Dejan Kulusevski,446,17,Dejan,Kulusevski,5,9,99,5.5,1259,11,343.6,346.6,382.0,8,343,106.9,9,0,3,10.9,6.3,MID,False,15.7
Rodrigo Bentancur,440,17,Rodrigo,Bentancur,0,4,52,3.1,1360,12,205.0,274.2,118.0,4,266,59.7,9,0,5,0.1,4.9,MID,False,10.6
Alfie Devine,452,17,Alfie,Devine,0,0,0,0.0,0,0,0.0,0.0,0.0,0,0,0.0,0,0,0,0.0,4.5,MID,False,0.0
Matthew Craig,764,17,Matthew,Craig,0,0,0,0.0,0,0,0.0,0.0,0.0,0,0,0.0,0,0,0,0.0,4.5,MID,False,0.0
Nathaniel Chalobah,203,18,Nathaniel,Chalobah,0,0,0,0.0,0,0,0.0,0.0,0.0,0,0,0.0,0,0,0,0.0,5.0,MID,False,0.0
Emmanuel Dennis,585,18,Emmanuel,Dennis,10,7,134,4.1,2579,60,453.4,667.6,932.0,21,425,205.2,3,1,7,20.0,5.8,FWD,False,23.1
Kurt Zouma,461,19,Kurt,Zouma,1,0,66,2.8,2078,29,32.8,496.2,131.0,5,388,66.2,5,0,1,1.2,5.4,DEF,False,12.2
Darren Randolph,571,19,Darren,Randolph,0,0,0,0.0,0,0,0.0,0.0,0.0,0,0,0.0,0,0,0,0.1,4.3,GK,False,0.0
Lukasz Fabianski,455,19,Lukasz,Fabianski,0,0,136,3.7,3330,50,0.0,887.0,0.0,9,661,88.6,8,0,2,2.8,5.0,GK,False,27.2
Angelo Ogbonna,456,19,Angelo,Ogbonna,1,0,40,3.6,921,11,5.3,167.0,67.0,6,182,24.0,3,0,1,0.2,4.9,DEF,False,8.2
Aaron Cresswell,457,19,Aaron,Cresswell,2,4,115,3.7,2726,38,542.4,575.0,151.0,17,578,127.0,7,0,3,7.9,5.4,DEF,False,21.3
Michail Antonio,458,19,Michail,Antonio,10,10,140,3.9,2975,43,613.5,611.6,1263.0,14,441,247.6,7,1,6,24.3,7.3,FWD,False,19.2
Craig Dawson,459,19,Craig,Dawson,2,3,90,2.6,2752,43,61.6,684.2,387.0,1,466,113.5,6,1,4,0.8,4.9,DEF,False,18.4
Ryan Fredericks,59,19,Ryan,Fredericks,0,0,7,1.0,303,6,31.6,29.6,4.0,0,38,6.6,0,0,1,0.1,4.4,DEF,False,1.6
Manuel Lanzini,460,19,Manuel,Lanzini,5,3,92,3.1,1777,29,367.2,420.2,201.0,8,440,99.1,4,0,2,0.4,5.6,MID,False,16.4
Arthur Masuaku,462,19,Arthur,Masuaku,1,1,29,2.2,645,12,57.2,178.2,39.0,3,145,27.5,1,0,1,0.1,4.4,DEF,False,6.6
Vladimir Coufal,463,19,Vladimir,Coufal,0,4,70,2.5,2207,36,331.5,415.8,161.0,3,384,90.6,6,1,3,3.1,4.7,DEF,False,14.9
Saïd Benrahma,464,19,Saïd,Benrahma,8,6,138,4.3,2162,27,476.4,561.0,737.0,15,441,177.6,9,0,0,10.7,5.9,MID,False,23.4
Jarrod Bowen,465,19,Jarrod,Bowen,12,17,206,5.7,2987,46,624.6,819.4,1201.0,24,586,264.7,8,0,6,15.0,6.9,MID,True,29.9
Declan Rice,467,19,Declan,Rice,1,4,95,2.6,3178,49,391.0,740.2,277.0,7,595,141.3,8,0,8,4.3,5.0,MID,False,19.0
Tomas Soucek,468,19,Tomas,Soucek,5,1,114,3.3,3061,46,299.8,653.4,686.0,14,485,164.3,6,0,3,3.4,5.7,MID,False,20.0
Pablo Fornals Malla,469,19,Pablo,Fornals,6,4,117,3.2,2795,38,704.4,569.0,528.0,5,480,180.2,8,0,4,1.3,5.9,MID,False,19.8
Issa Diop,470,19,Issa,Diop,0,1,30,2.3,961,19,21.3,225.6,44.0,2,203,29.1,2,0,0,0.3,4.2,DEF,False,7.1
Ben Johnson,471,19,Ben,Johnson,1,0,48,2.4,1397,18,176.1,307.2,39.0,1,235,52.3,3,0,1,3.6,3.9,DEF,False,12.3
Alphonse Areola,473,19,Alphonse,Areola,0,0,2,2.0,90,1,0.0,20.4,0.0,0,11,2.0,0,0,0,0.7,4.7,GK,False,0.4
Conor Coventry,556,19,Conor,Coventry,0,0,0,0.0,0,0,0.0,0.0,0.0,0,0,0.0,0,0,0,0.0,4.5,MID,False,0.0
Nikola Vlasic,466,19,Nikola,Vlasic,1,0,30,1.6,549,10,122.8,85.4,115.0,0,98,32.3,1,0,0,0.0,5.6,MID,False,5.4
Harrison Ashby,555,19,Harrison,Ashby,0,0,1,1.0,6,1,1.0,2.0,0.0,0,4,0.3,0,0,0,0.1,4.0,DEF,False,0.2
Sonny Perkins,663,19,Sonny,Perkins,0,0,1,1.0,3,0,0.0,0.0,0.0,0,3,0.0,0,0,0,0.0,4.5,MID,False,0.2
Armstrong Oko-Flex,572,19,Armstrong,Oko-Flex,0,0,0,0.0,0,0,0.0,0.0,0.0,0,0,0.0,0,0,0,0.0,4.4,MID,False,0.0
João Filipe Iria Santos Moutinho,503,20,João Filipe Iria,Santos Moutinho,2,1,96,2.7,2970,40,645.2,512.6,144.0,8,511,130.1,11,0,4,0.7,4.9,MID,False,19.6
Willy Boly,474,20,Willy,Boly,0,0,17,1.7,900,20,18.0,157.2,27.0,0,165,20.3,1,0,1,0.1,4.9,DEF,False,3.5
Conor Coady,475,20,Conor,Coady,4,0,138,3.6,3361,43,45.4,737.2,202.0,10,688,98.8,11,0,4,13.4,4.7,DEF,False,29.4
Raúl Jiménez,476,20,Raúl,Jiménez,6,5,101,3.0,2630,32,481.4,441.4,742.0,11,266,165.3,11,2,5,4.2,7.5,FWD,False,13.5
Jonathan Castro Otto,477,20,Jonathan,Castro Otto,2,0,38,2.9,1022,22,159.5,203.0,144.0,2,178,50.7,2,0,1,0.6,4.5,DEF,False,8.4
Leander Dendoncker,479,20,Leander,Dendoncker,2,3,76,2.5,1945,29,175.5,339.0,258.0,5,308,77.4,5,0,4,0.3,4.6,MID,False,16.5
Adama Traoré Diarra,491,20,Adama,Traoré,1,1,44,2.2,1069,10,271.1,192.0,300.0,0,168,76.6,5,0,0,1.0,5.6,MID,False,7.9
Rúben da Silva Neves,480,20,Rúben Diogo,da Silva Neves,4,2,95,2.9,2659,34,408.2,617.4,237.0,7,509,126.3,9,0,9,0.9,5.2,MID,False,18.3
Nélson Cabral Semedo,482,20,Nélson,Cabral Semedo,0,1,94,3.8,2131,18,289.3,346.2,266.0,9,412,90.3,9,0,1,1.5,4.8,DEF,False,19.6
Daniel Castelo Podence,483,20,Daniel,Castelo Podence,2,3,70,2.7,1475,12,493.0,328.6,459.0,2,257,128.2,9,0,2,0.2,5.5,MID,False,12.7
Max Kilman,484,20,Max,Kilman,1,1,106,3.5,2688,25,68.8,587.8,207.0,5,536,86.5,10,0,3,1.3,4.5,DEF,False,23.6
Morgan Gibbs-White,493,20,Morgan,Gibbs-White,0,0,1,0.5,7,0,0.7,0.0,24.0,0,0,2.1,0,0,1,0.1,4.5,MID,False,0.2
Pedro Lomba Neto,486,20,Pedro,Lomba Neto,1,1,22,1.7,459,14,193.9,68.4,200.0,0,88,46.1,0,0,3,0.1,6.2,MID,False,3.5
Fabio Silva,488,20,Fabio,Silva,0,1,30,1.4,562,7,48.3,21.0,262.0,0,43,32.0,0,0,0,0.4,5.6,FWD,False,5.4
Yerson Mosquera Valdelamar,494,20,Yerson,Mosquera Valdelamar,0,0,0,0.0,0,0,0.0,0.0,0.0,0,0,0.0,0,0,0,0.0,4.4,DEF,False,0.0
José Malheiro de Sá,478,20,José,Malheiro de Sá,0,1,146,3.9,3285,40,30.0,938.8,0.0,11,722,96.7,11,0,3,8.3,5.2,GK,False,28.1
Luke Cundle,485,20,Luke,Cundle,0,0,7,1.8,179,1,32.0,17.0,2.0,0,32,5.1,1,0,0,0.1,4.4,MID,False,1.6
Chem Campbell,568,20,Chem,Campbell,0,0,1,1.0,12,0,1.7,2.0,2.0,0,5,0.6,0,0,0,0.2,4.4,MID,False,0.2
Hugo Bueno López,558,20,Hugo,Bueno,0,0,0,0.0,0,0,0.0,0.0,0.0,0,0,0.0,0,0,0,0.1,4.0,DEF,False,0.0
Toti António Gomes,489,20,Toti António,Gomes,0,0,6,1.5,360,6,4.3,59.6,28.0,0,52,9.2,0,0,1,0.0,4.4,DEF,False,1.4
Francisco Jorge Tomás Oliveira,490,20,Francisco Jorge,Tomás Oliveira,0,3,20,2.5,203,5,83.4,99.4,118.0,2,67,30.1,0,0,0,0.0,5.5,MID,False,3.6
